{
  "name": "Brand Header Theme Component",
  "component": true,
  "license_url": "https://github.com/discourse/discourse-brand-header/blob/main/LICENSE.txt",
  "about_url": "https://meta.discourse.org/t/brand-header-theme-component/77977",
  "authors": null,
  "theme_version": null,
  "minimum_discourse_version": null,
  "maximum_discourse_version": null,
  "assets": {
  },
  "color_schemes": {
  },
  "modifiers": {
  },
  "learn_more": "https://meta.discourse.org/t/beginners-guide-to-using-discourse-themes/91966"
}